{
  "oasis-city-center": { "mapName": "Oasis: City Center", "a": 19.01219131445514, "b": 0.03127838962143906, "c": -0.07763387378433166, "d": 19.07105175079312, "tx": 1426.022278203694, "ty": -605.7442235304113, "w": 8192, "h": 8192 },
  "lijiang-tower-night-market": { "mapName": "Lijiang Tower: Night Market", "a": 23.9072169813031, "b": 0.01528114031459559, "c": -0.066442107709411, "d": 24.00280577707118, "tx": 4096.079372275464, "ty": 4868.509870491555, "w": 8192, "h": 8192 },
  "esperan-a": { "mapName": "Esperança", "a": 24.04382149935184, "b": 0.01404763647646686, "c": 0.01682462995688104, "d": 24.11201857216057, "tx": 4097.571122676109, "ty": 5179.559117311127, "w": 8192, "h": 8192 },
  "lijiang-tower-control-center": { "mapName": "Lijiang Tower: Control Center", "a": 39.705370806996, "b": 0.04065460800359679, "c": -0.1708492023034938, "d": 39.68357950533043, "tx": 4084.244643185284, "ty": -7810.495462822294, "w": 8192, "h": 8192 },
  "midtown": { "mapName": "Midtown", "a": 28.04013022811469, "b": -0.03964458492668173, "c": -0.06612392844865067, "d": 27.97397057309509, "tx": 3312.123475316486, "ty": 3538.97500825136, "w": 8192, "h": 8192 },
  "new-queen-street": { "mapName": "New Queen Street", "a": 37.55084321113998, "b": 0.2581468804374953, "c": -0.02805351617197359, "d": 37.79887143673749, "tx": 4107.2756318547, "ty": 4105.581716014958, "w": 8192, "h": 8192 },
  "king-s-row": { "mapName": "King's Row", "a": 23.14871281751457, "b": -0.01664238919151203, "c": -0.01174323271406306, "d": 23.17269827110242, "tx": 5253.119496380325, "ty": 4674.156158401297, "w": 8192, "h": 8192 },
  "numbani": { "mapName": "Numbani", "a": 25.02650207399714, "b": -0.08242424823834578, "c": -0.01699850221309924, "d": 25.01515974594845, "tx": 2042.774323647489, "ty": 3845.368919862618, "w": 8192, "h": 8192 },
  "lijiang-tower-garden": { "mapName": "Lijiang Tower: Garden", "a": 43.31376868456685, "b": -0.05040046881066777, "c": 0.07532760502596594, "d": 42.99416464369535, "tx": 4098.573447225044, "ty": -1065.361696546145, "w": 8192, "h": 8192 },
  "suravasa": { "mapName": "Suravasa", "a": 99.89031734569824, "b": 145.214132280866, "c": -0.1889391116009477, "d": 20.98241693408777, "tx": 994.4046623936082, "ty": 4102.41741435426, "w": 8192, "h": 8192 },
  "busan-meka-base": { "mapName": "Busan: Meka Base", "a": 29.99265712203234, "b": 0.3208372123980111, "c": 4.379924196179386, "d": 35.65196108468189, "tx": -2378.932640837681, "ty": -4965.203956935098, "w": 8192, "h": 8192 },
  "ilios-well": { "mapName": "Ilios: Well", "a": 39.05664192018245, "b": 0.04832191658181632, "c": 0.0784476405419998, "d": 39.05195256371466, "tx": 11907.92144043217, "ty": 4579.177820051399, "w": 8192, "h": 8192 },
  "busan-sanctuary": { "mapName": "Busan: Sanctuary", "a": 23.60251543939189, "b": 0.004305868705457516, "c": -0.02642065929374451, "d": 23.5990546918506, "tx": 11856.0687942776, "ty": 771.041081150729, "w": 8192, "h": 8192 },
  "oasis-gardens": { "mapName": "Oasis: Gardens", "a": 32.44001542462388, "b": -0.06100967676380153, "c": -0.007520778126009029, "d": 32.45858014913377, "tx": -459.2170202237685, "ty": 12113.37531986346, "w": 8192, "h": 8192 },
  "junkertown": { "mapName": "Junkertown", "a": 25.98447407862766, "b": 0.0452038737924354, "c": 0.02766995887958248, "d": 26.03330002690172, "tx": 4929.134915548874, "ty": 6122.83505149689, "w": 8192, "h": 8192 },
  "rialto": { "mapName": "Rialto", "a": 17.37833851662217, "b": 0.01612576627311333, "c": 0.009534690572517567, "d": 17.37624692580318, "tx": 3749.401663059765, "ty": 5311.625738774668, "w": 8192, "h": 8192 },
  "new-junk-city": { "mapName": "New Junk City", "a": 20.93585727763547, "b": 1.274620266152636, "c": -0.04304231052704316, "d": 18.26110356096052, "tx": 4082.750870848546, "ty": 4095.846657735549, "w": 8192, "h": 8192 },
  "hollywood": { "mapName": "Hollywood", "a": 20.96864674539472, "b": 0.05114469912110928, "c": 0.007779470421575933, "d": 20.96080252313849, "tx": 4096.700761883962, "ty": 4724.839908674012, "w": 8192, "h": 8192 },
  "nepal-sanctum": { "mapName": "Nepal: Sanctum", "a": 10.26499648222663, "b": -0.01828602358034167, "c": -0.1185848629207102, "d": 10.15016025413954, "tx": 202.1514613046943, "ty": 1029.657237630969, "w": 2048, "h": 2048 },
  "ilios-lighthouse": { "mapName": "Ilios: Lighthouse", "a": 23.17472954559853, "b": 0.05808696580589794, "c": -0.04044849579422966, "d": 23.25164841736256, "tx": -3339.201963497251, "ty": 4947.290624494913, "w": 8192, "h": 8192 },
  "colosseo": { "mapName": "Colosseo", "a": 23.87057564907908, "b": 0.1759875779606723, "c": 6.478393945487229, "d": 18.39654604394479, "tx": 4099.651693097375, "ty": 4015.434921780802, "w": 8192, "h": 8192 },
  "dorado": { "mapName": "Dorado", "a": 24.19367152703596, "b": -0.0282090059990147, "c": -0.04154162077444704, "d": 24.22227349431268, "tx": 2150.957730278137, "ty": 4241.848050294555, "w": 8192, "h": 8192 },
  "nepal-village": { "mapName": "Nepal: Village", "a": 25.11631716668257, "b": 0.3090577468691947, "c": -0.1211073423436544, "d": 24.67035546762103, "tx": 8630.252915427853, "ty": 4060.857071398636, "w": 8192, "h": 8192 },
  "shambali-monastery": { "mapName": "Shambali Monastery", "a": 21.90268651636016, "b": 0.01377641725760393, "c": 0.03085319490973609, "d": 21.95086947822113, "tx": 4094.984878139649, "ty": 2779.47546463784, "w": 8192, "h": 8192 },
  "oasis-university": { "mapName": "Oasis: University", "a": 30.84605924115689, "b": 0.02788483254418303, "c": -0.03158899833048528, "d": 30.95469579851483, "tx": 9645.533513503211, "ty": 4089.30467979366, "w": 8192, "h": 8192 },
  "aatlis": { "mapName": "Aatlis", "a": 35.2228697772789, "b": -0.005615248664381878, "c": -0.8568087469790833, "d": 33.94390640096452, "tx": 3937.376546560471, "ty": 4123.468128844285, "w": 8192, "h": 8192 },
  "watchpoint-gibraltar": { "mapName": "Watchpoint: Gibraltar", "a": 24.7701277291063, "b": 0.002806409230801304, "c": 0.01324758313019491, "d": 24.79804129714406, "tx": 2114.043692347036, "ty": 4094.910547174829, "w": 8192, "h": 8192 },
  "circuit-royal": { "mapName": "Circuit Royal", "a": 23.92135067288426, "b": -0.1494674623328473, "c": -0.03392143737309024, "d": 24.12139322821177, "tx": 4096.153435800877, "ty": 4095.770513709282, "w": 8192, "h": 8192 },
  "eichenwalde": { "mapName": "Eichenwalde", "a": 36.60748899551842, "b": -0.06375202078422001, "c": -0.03392732269520579, "d": 36.68871174359622, "tx": 2450.071753059757, "ty": 6197.712546609264, "w": 8192, "h": 8192 },
  "busan-downtown": { "mapName": "Busan: Downtown", "a": 26.2748085844616, "b": 0.01708517369711859, "c": -0.01281811346730041, "d": 26.21446016121455, "tx": 2738.203755554856, "ty": 7284.650304804835, "w": 8192, "h": 8192 },
  "samoa-beach": { "mapName": "Samoa: Beach", "a": 27.10820128527646, "b": -0.03988000142405213, "c": 0.008446960713302303, "d": 27.06176976046904, "tx": 13039.04445937814, "ty": 6670.568399643515, "w": 8192, "h": 8192 },
  "route-66": { "mapName": "Route 66", "a": 27.78222438770802, "b": -0.0535284617841734, "c": -0.00571115238421163, "d": 27.84724764395548, "tx": 3401.740762249852, "ty": 4095.955033399627, "w": 8192, "h": 8192 },
  "blizzard-world": { "mapName": "Blizzard World", "a": 13.18316123169205, "b": 0.01430286469857819, "c": -0.01053055536374651, "d": 13.17567359654701, "tx": 4042.430252279737, "ty": 4199.707178761653, "w": 8192, "h": 8192 },
  "nepal-shrine": { "mapName": "Nepal: Shrine", "a": 29.4190398757822, "b": -0.025551580793696, "c": -0.001750416818035068, "d": 29.46214067224758, "tx": 5860.289610034162, "ty": 4095.386754595936, "w": 8192, "h": 8192 },
  "samoa-downtown": { "mapName": "Samoa: Downtown", "a": 23.03232979220378, "b": 0.05592470650212603, "c": -0.05092355443660432, "d": 23.04716286848083, "tx": -1188.224624590645, "ty": 9986.86155167488, "w": 8192, "h": 8192 },
  "runasapi": { "mapName": "Runasapi", "a": 16.72877424617032, "b": -0.1493640557778048, "c": -0.02883869628701483, "d": 16.83699218222604, "tx": 4109.141049627354,